peid,atraque
1,4/20/2018 6:06
2,2/27/2013 18:30
3,1/30/2020 22:55
4,5/6/2015 12:46
5,5/20/2019 15:02
6,8/17/2011 7:29
7,6/8/2021 21:31
8,12/24/2017 7:51
9,4/29/2013 6:37
10,8/11/2018 7:41
11,6/29/2019 2:45
12,2/28/2018 7:06
13,10/27/2020 20:37
14,12/9/2020 17:02
15,6/17/2017 12:12
16,4/4/2012 9:16
17,7/22/2021 7:14
18,1/15/2021 3:33
19,11/25/2020 0:28
20,3/22/2019 9:04
21,9/17/2020 2:48
22,4/11/2020 20:34
23,9/11/2020 13:15
24,12/12/2017 0:17
25,8/22/2011 23:52
26,8/9/2017 2:19
27,5/26/2019 15:25
28,12/1/2020 1:35
29,7/27/2020 9:06
30,12/10/2011 4:14
31,5/11/2021 7:46
32,10/23/2019 18:39
33,3/4/2019 1:49
34,9/27/2018 3:47
35,6/14/2010 12:17
36,8/25/2013 9:17
37,6/9/2012 3:12
38,8/6/2014 13:46
39,6/4/2011 5:02
40,1/24/2017 7:16
41,4/14/2016 22:11
42,7/28/2021 0:31
43,3/29/2019 3:34
44,10/17/2020 4:13
45,6/30/2016 4:02
46,2/15/2021 14:59
47,4/21/2016 8:32
48,5/6/2021 16:28
49,12/18/2015 2:20
50,7/26/2012 1:54
51,1/2/2021 7:56
52,10/30/2020 0:12
53,9/25/2012 23:55
54,9/1/2020 18:29
55,5/12/2015 7:19
56,12/21/2014 22:21
57,9/16/2015 11:19
58,7/16/2021 11:32
59,9/5/2019 3:05
60,8/15/2021 0:12
61,8/26/2013 22:46
62,1/31/2019 10:28
63,2/18/2012 8:38
64,1/11/2015 15:16
65,9/27/2017 5:08
66,12/16/2020 2:56
67,1/13/2021 17:40
68,4/1/2021 0:09
69,8/7/2010 14:45
70,9/21/2013 1:34
71,1/22/2021 1:39
72,6/19/2021 5:17
73,5/23/2021 12:26
74,11/17/2012 7:07
75,10/15/2017 6:29
76,3/16/2019 21:55
77,1/25/2017 3:34
78,12/30/2014 21:51
79,7/31/2019 22:56
80,9/22/2010 6:16
81,2/4/2021 12:12
82,12/13/2013 17:00
83,7/5/2014 2:56
84,4/21/2016 5:46
85,10/9/2016 23:34
86,3/4/2017 4:19
87,3/19/2010 23:07
88,7/18/2011 13:18
89,12/5/2020 22:40
90,5/30/2012 15:32
91,3/21/2019 1:36
92,7/26/2011 1:14
93,10/17/2019 15:54
94,9/6/2021 4:02
95,11/6/2010 16:28
96,12/25/2016 5:03
97,11/12/2020 17:07
98,8/30/2014 6:37
99,9/4/2012 22:48
100,7/26/2013 6:45
101,5/24/2021 12:49
102,12/8/2012 0:07
103,3/21/2014 4:58
104,7/15/2016 14:28
105,2/14/2017 21:56
106,4/4/2021 3:18
107,5/19/2017 23:17
108,8/7/2020 4:30
109,7/27/2017 19:51
110,6/6/2021 17:52
111,6/27/2012 21:55
112,9/2/2021 15:02
113,6/28/2014 20:35
114,2/19/2019 2:14
115,1/3/2021 19:07
116,3/23/2012 16:16
117,6/17/2021 22:08
118,2/9/2017 21:50
119,3/25/2013 23:52
120,2/20/2021 12:14
121,7/16/2016 0:43
122,11/2/2018 8:15
123,1/12/2013 10:08
124,1/9/2018 9:07
125,1/9/2021 4:49
126,11/25/2019 23:29
127,12/8/2020 6:17
128,5/1/2021 2:45
129,7/28/2021 1:06
130,11/4/2012 10:40
131,7/3/2021 18:49
132,9/21/2015 8:29
133,8/12/2013 0:41
134,10/16/2020 9:14
135,7/3/2011 3:35
136,1/11/2021 15:52
137,8/28/2011 5:25
138,11/21/2011 3:04
139,4/7/2021 10:04
140,5/20/2015 15:15
141,12/22/2018 18:00
142,1/5/2019 19:11
143,7/10/2020 20:56
144,4/12/2015 1:49
145,8/22/2015 18:46
146,4/5/2021 12:45
147,11/8/2010 16:33
148,1/13/2012 7:29
149,6/13/2017 13:12
150,8/31/2021 15:11
151,1/21/2021 15:59
152,1/24/2018 22:50
153,8/7/2021 7:28
154,6/29/2021 12:15
155,3/19/2021 17:04
156,7/29/2013 17:08
157,7/8/2018 22:02
158,6/24/2021 13:09
159,3/10/2020 11:36
160,6/13/2021 13:10
161,2/2/2013 3:29
162,5/27/2016 19:07
163,9/24/2020 10:14
164,11/25/2020 0:18
165,6/10/2021 7:00
166,7/27/2014 12:41
167,6/29/2011 8:38
168,11/7/2020 6:33
169,9/21/2020 7:31
170,11/4/2020 12:02
171,3/21/2017 21:44
172,3/6/2011 16:50
173,2/4/2014 23:00
174,5/26/2015 20:38
175,12/28/2015 22:11
176,4/20/2021 14:54
177,9/14/2020 12:17
178,9/22/2017 14:26
179,10/21/2016 1:38
180,5/11/2010 22:19
181,7/6/2018 22:16
182,11/13/2020 12:28
183,2/25/2021 23:34
184,10/19/2020 2:27
185,8/19/2020 13:30
186,6/18/2013 7:54
187,2/23/2021 5:12
188,1/18/2021 22:09
189,1/12/2021 14:47
190,4/27/2016 13:08
191,7/5/2021 10:15
192,11/9/2014 20:45
193,8/8/2011 3:47
194,11/12/2014 12:01
195,2/10/2017 14:47
196,8/11/2012 18:46
197,8/21/2013 0:14
198,6/17/2021 1:52
199,11/13/2011 17:48
200,7/8/2021 6:01
201,2/14/2021 12:26
202,6/2/2010 12:56
203,5/20/2019 20:38
204,12/26/2020 16:37
205,5/13/2021 18:57
206,4/29/2015 8:42
207,2/8/2021 7:00
208,6/21/2012 3:27
209,11/12/2011 11:19
210,2/26/2020 5:46
211,7/20/2021 8:58
212,10/27/2013 18:19
213,6/27/2012 15:20
214,1/4/2014 23:22
215,11/23/2020 3:14
216,3/22/2016 13:59
217,7/27/2011 23:45
218,5/14/2021 15:32
219,1/9/2011 2:43
220,3/18/2020 10:24
221,11/11/2019 14:41
222,11/14/2016 3:19
223,12/4/2017 23:56
224,11/15/2013 5:24
225,11/11/2012 1:48
226,8/20/2016 23:18
227,4/13/2015 2:06
228,11/29/2011 7:23
229,6/25/2015 19:46
230,10/19/2014 8:06
231,3/11/2010 0:26
232,8/9/2015 18:41
233,2/17/2018 12:50
234,3/5/2012 16:44
235,10/13/2020 2:41
236,7/4/2021 20:42
237,2/9/2020 14:53
238,5/30/2021 22:59
239,12/10/2014 12:58
240,9/8/2018 22:43
241,1/16/2021 12:18
242,6/12/2018 17:19
243,5/27/2015 7:02
244,6/18/2013 20:23
245,10/1/2020 15:08
246,4/3/2012 7:33
247,8/22/2013 2:07
248,8/2/2017 17:21
249,6/7/2021 14:27
250,9/11/2015 20:36
251,4/14/2018 0:36
252,7/6/2011 16:33
253,9/3/2013 7:39
254,8/11/2020 10:04
255,11/27/2020 2:42
256,11/1/2020 17:45
257,9/1/2010 6:59
258,10/24/2017 23:02
259,10/21/2020 5:15
260,8/21/2016 6:55
261,3/5/2018 3:05
262,6/3/2010 14:38
263,10/2/2013 23:29
264,7/12/2017 8:34
265,5/14/2012 11:21
266,4/1/2016 6:49
267,1/18/2021 1:11
268,7/27/2017 15:51
269,4/9/2021 21:23
270,4/2/2019 5:26
271,8/4/2017 8:48
272,10/23/2020 11:37
273,6/25/2021 7:28
274,10/2/2014 20:18
275,4/28/2021 6:52
276,6/4/2021 11:29
277,8/4/2014 6:30
278,3/2/2021 20:16
279,10/16/2020 15:36
280,6/6/2014 11:02
281,11/11/2017 2:39
282,3/8/2011 22:03
283,1/12/2015 17:27
284,6/11/2021 9:49
285,6/2/2021 15:20
286,4/1/2020 6:20
287,10/8/2012 9:49
288,11/28/2014 14:41
289,12/22/2010 18:00
290,5/14/2016 2:14
291,12/31/2019 23:27
292,11/21/2017 6:50
293,7/14/2013 16:38
294,2/3/2011 4:03
295,5/13/2021 9:06
296,6/24/2018 22:50
297,3/25/2011 10:22
298,4/23/2017 18:57
299,12/8/2010 13:49
300,4/16/2017 11:20
301,12/26/2020 5:00
302,7/31/2018 15:08
303,3/13/2021 17:25
304,12/8/2020 8:15
305,6/16/2020 23:27
306,10/11/2020 18:15
307,2/17/2021 11:29
308,2/28/2013 3:50
309,10/4/2016 8:50
310,9/23/2014 15:51
311,8/12/2020 18:25
312,2/9/2010 11:36
313,11/20/2020 0:46
314,8/3/2015 8:03
315,8/27/2012 4:08
316,12/29/2011 14:40
317,1/4/2017 3:00
318,6/19/2021 8:18
319,5/29/2014 9:53
320,9/16/2010 12:32
321,1/26/2015 13:09
322,2/12/2014 18:11
323,7/4/2012 22:56
324,9/26/2015 17:21
325,7/25/2021 12:54
326,5/5/2020 16:21
327,12/6/2016 2:47
328,9/21/2020 4:29
329,10/14/2020 22:20
330,11/13/2017 10:30
331,3/1/2016 12:21
332,8/7/2021 2:44
333,11/9/2020 11:37
334,1/28/2021 11:27
335,8/28/2021 0:32
336,2/24/2019 9:17
337,5/12/2012 2:19
338,9/28/2013 22:31
339,11/11/2020 0:02
340,8/5/2021 17:59
341,9/17/2011 17:23
342,4/26/2014 19:41
343,11/13/2020 2:05
344,2/21/2021 4:52
345,3/2/2013 1:30
346,4/13/2021 16:19
347,5/11/2019 10:25
348,6/24/2021 3:33
349,8/16/2012 13:42
350,6/11/2021 16:25
351,7/12/2015 18:05
352,5/16/2014 20:12
353,6/6/2021 1:54
354,4/7/2020 3:41
355,6/23/2021 21:19
356,3/10/2011 20:16
357,11/18/2020 0:28
358,5/25/2021 21:38
359,4/25/2014 11:42
360,4/21/2019 23:47
361,6/25/2017 6:43
362,9/23/2020 1:18
363,10/29/2020 20:57
364,11/28/2017 8:44
365,12/1/2020 10:03
366,9/11/2020 23:06
367,12/17/2020 0:12
368,6/24/2019 20:18
369,3/6/2020 4:46
370,1/26/2015 1:46
371,4/8/2018 17:00
372,6/20/2021 1:14
373,4/7/2017 19:58
374,10/20/2020 6:32
375,8/3/2019 19:37
376,10/21/2018 9:11
377,11/19/2020 1:15
378,10/11/2015 19:53
379,2/9/2021 13:00
380,4/22/2020 22:54
381,3/25/2014 17:46
382,8/15/2014 8:57
383,2/25/2013 9:16
384,4/29/2021 23:04
385,11/22/2020 19:12
386,12/10/2020 10:47
387,12/25/2016 1:04
388,7/5/2015 16:29
389,6/4/2021 9:18
390,8/18/2013 23:22
391,6/2/2021 5:22
392,1/26/2021 17:30
393,2/14/2021 15:48
394,2/25/2019 2:17
395,9/12/2020 22:50
396,2/28/2012 0:06
397,10/29/2012 9:13
398,8/24/2012 4:16
399,6/26/2011 21:11
400,9/11/2012 23:28
401,12/5/2020 9:06
402,6/29/2019 1:19
403,1/9/2010 1:13
404,8/21/2010 8:11
405,3/28/2020 9:51
406,3/19/2017 13:02
407,5/25/2019 21:14
408,11/24/2020 19:10
409,12/27/2020 7:33
410,1/15/2021 6:04
411,7/25/2019 20:22
412,1/29/2020 11:13
413,7/8/2021 5:07
414,10/19/2019 21:50
415,4/27/2021 20:40
416,5/28/2015 14:19
417,5/8/2021 22:19
418,2/2/2021 23:54
419,5/28/2020 18:51
420,5/1/2014 1:12
421,10/8/2011 14:25
422,4/6/2015 7:29
423,9/1/2021 4:05
424,3/25/2014 4:24
425,12/30/2015 21:05
426,3/11/2016 23:23
427,9/21/2020 6:54
428,5/21/2016 0:39
429,9/12/2016 16:32
430,9/18/2015 5:53
431,5/6/2012 10:41
432,2/23/2016 21:23
433,7/30/2012 2:18
434,2/13/2021 4:02
435,3/1/2017 7:00
436,12/28/2015 14:26
437,3/8/2017 15:29
438,1/26/2013 10:02
439,8/9/2016 4:23
440,1/4/2021 14:48
441,4/14/2015 10:03
442,9/12/2011 10:10
443,10/7/2015 3:27
444,5/2/2016 2:38
445,2/27/2015 13:35
446,4/15/2020 15:56
447,8/18/2021 22:09
448,11/23/2018 19:39
449,11/23/2020 6:42
450,3/12/2016 1:58
451,7/2/2018 4:55
452,9/22/2017 14:40
453,10/11/2020 7:01
454,1/19/2014 20:53
455,8/1/2021 14:16
456,12/2/2020 16:55
457,2/3/2021 15:23
458,12/16/2013 1:14
459,10/7/2010 0:36
460,1/5/2021 7:58
461,5/31/2021 6:14
462,7/16/2012 10:05
463,8/25/2016 4:30
464,10/29/2015 8:12
465,6/25/2012 9:33
466,2/7/2021 23:12
467,1/3/2021 22:31
468,3/11/2021 23:51
469,2/25/2021 14:41
470,9/27/2016 19:23
471,8/8/2020 21:15
472,11/4/2016 7:30
473,7/13/2019 21:16
474,6/20/2011 11:03
475,2/22/2021 17:46
476,4/8/2014 19:59
477,8/5/2021 21:51
478,9/11/2016 8:02
479,8/11/2020 1:14
480,7/2/2017 12:13
481,6/15/2021 13:47
482,12/1/2020 22:58
483,7/26/2021 4:38
484,6/10/2014 14:11
485,1/8/2017 21:29
486,9/18/2010 10:35
487,7/21/2020 11:03
488,11/1/2015 9:12
489,12/29/2020 23:57
490,4/23/2015 7:46
491,1/9/2017 5:21
492,2/22/2021 18:18
493,9/24/2015 16:59
494,5/25/2010 0:27
495,5/4/2021 6:11
496,12/16/2017 16:16
497,5/28/2021 2:51
498,7/14/2012 20:14
499,8/12/2010 0:43
500,7/3/2021 19:08
501,1/18/2019 8:54
502,10/31/2011 10:57
503,3/9/2021 19:08
504,8/5/2021 12:11
505,7/12/2017 23:19
506,1/21/2013 13:04
507,6/3/2021 11:35
508,9/8/2010 3:27
509,3/6/2021 19:20
510,11/4/2020 0:38
511,4/19/2021 19:44
512,2/10/2016 9:20
513,3/29/2016 19:55
514,7/17/2015 8:56
515,3/3/2018 2:52
516,12/23/2015 1:56
517,8/20/2016 18:23
518,11/5/2016 12:29
519,8/5/2021 3:38
520,6/4/2015 1:46
521,1/19/2015 15:00
522,11/26/2018 14:54
523,2/9/2021 8:03
524,1/15/2021 9:06
525,12/9/2019 12:15
526,2/19/2021 17:51
527,7/7/2020 23:20
528,10/1/2020 5:45
529,4/17/2011 10:58
530,5/5/2021 0:39
531,1/23/2021 0:00
532,8/21/2013 14:32
533,1/19/2021 22:37
534,8/25/2010 13:51
535,6/9/2021 9:03
536,11/18/2014 0:27
537,10/9/2020 2:10
538,12/28/2020 3:03
539,12/8/2010 0:11
540,8/9/2013 4:34
541,11/23/2014 6:01
542,6/19/2019 3:31
543,8/9/2020 15:59
544,3/11/2021 1:03
545,6/29/2021 2:41
546,1/23/2011 13:47
547,4/16/2020 7:11
548,8/26/2011 18:14
549,6/29/2018 23:23
550,9/14/2020 5:30
551,1/3/2010 23:27
552,9/11/2018 17:56
553,9/6/2015 21:08
554,5/24/2012 5:36
555,2/26/2021 11:20
556,4/26/2021 16:54
557,2/23/2019 5:21
558,4/15/2013 10:58
559,3/3/2011 0:23
560,8/6/2012 21:51
561,7/24/2018 8:43
562,12/20/2013 21:57
563,3/25/2021 15:58
564,10/17/2019 2:59
565,7/30/2021 18:34
566,1/12/2011 2:41
567,4/27/2021 22:15
568,12/22/2020 9:41
569,8/14/2021 16:50
570,7/24/2021 4:03
571,9/23/2014 8:59
572,10/22/2013 0:39
573,4/30/2020 3:34
574,8/26/2021 5:11
575,6/5/2010 4:01
576,1/17/2021 18:19
577,3/12/2017 3:05
578,2/15/2021 6:04
579,2/16/2012 8:38
580,6/19/2021 13:03
581,11/24/2020 6:26
582,10/18/2012 12:00
583,3/26/2016 3:50
584,2/10/2011 6:02
585,5/4/2021 20:03
586,10/5/2016 0:28
587,4/18/2017 18:54
588,1/24/2021 0:13
589,5/1/2014 14:54
590,12/5/2014 5:31
591,7/19/2015 3:35
592,5/19/2010 14:17
593,9/7/2013 7:45
594,5/9/2021 14:12
595,7/20/2015 13:37
596,12/17/2013 12:58
597,12/9/2020 8:00
598,6/26/2020 2:36
599,10/23/2010 14:44
600,9/11/2013 18:48
601,4/22/2011 5:55
602,11/26/2017 6:22
603,4/1/2016 21:51
604,2/6/2017 3:00
605,4/9/2021 13:05
606,4/22/2020 9:49
607,9/27/2017 4:33
608,11/26/2020 4:07
609,2/17/2021 20:47
610,9/8/2012 21:18
611,11/10/2013 8:06
612,10/5/2020 12:48
613,8/17/2015 20:29
614,5/2/2021 20:43
615,11/5/2012 9:18
616,5/11/2014 17:37
617,10/13/2017 20:27
618,3/24/2011 13:15
619,5/11/2010 13:05
620,8/24/2016 20:16
621,11/6/2020 8:17
622,11/12/2011 19:45
623,2/15/2020 2:39
624,11/11/2011 12:25
625,11/23/2015 14:07
626,12/12/2020 6:05
627,5/16/2012 20:10
628,2/22/2021 12:24
629,10/5/2020 0:09
630,12/29/2014 1:14
631,9/18/2019 15:32
632,5/1/2011 11:59
633,2/17/2021 20:04
634,4/18/2015 4:40
635,2/24/2016 6:52
636,9/5/2019 14:26
637,4/10/2021 1:14
638,4/7/2020 23:21
639,1/3/2020 5:20
640,4/11/2017 1:34
641,6/4/2014 23:01
642,2/17/2016 5:29
643,7/7/2021 4:10
644,4/9/2010 3:10
645,5/11/2020 5:56
646,2/7/2017 7:58
647,8/16/2017 0:48
648,9/28/2013 5:28
649,2/5/2021 6:36
650,1/20/2011 11:09
651,10/18/2014 16:28
652,11/1/2010 3:48
653,9/28/2020 0:55
654,12/26/2020 1:41
655,8/30/2021 23:05
656,5/6/2020 4:15
657,11/6/2014 13:03
658,6/2/2019 4:32
659,8/25/2021 20:21
660,5/9/2018 13:00
661,6/25/2019 7:43
662,10/30/2010 22:46
663,8/26/2021 7:10
664,7/19/2021 9:29
665,6/27/2015 16:59
666,9/11/2020 1:25
667,11/20/2020 22:55
668,5/31/2016 20:40
669,3/11/2016 12:46
670,8/3/2013 15:08
671,4/30/2021 19:32
672,8/8/2013 13:53
673,6/1/2013 4:25
674,8/28/2011 9:06
675,8/21/2021 12:59
676,1/27/2020 12:15
677,3/13/2017 3:39
678,3/16/2011 6:25
679,2/13/2018 21:11
680,3/5/2016 14:04
681,7/12/2018 2:12
682,8/14/2021 23:55
683,3/11/2011 16:36
684,12/16/2017 11:18
685,5/28/2012 4:12
686,10/26/2018 15:00
687,12/17/2018 8:24
688,8/17/2021 21:40
689,3/2/2012 0:30
690,7/27/2017 0:42
691,8/24/2010 15:22
692,11/6/2020 19:02
693,4/9/2020 10:55
694,2/15/2017 15:26
695,12/11/2015 19:23
696,2/23/2014 0:48
697,1/28/2021 17:32
698,11/27/2015 17:22
699,4/9/2013 10:54
700,9/14/2019 22:39
701,7/4/2021 22:26
702,8/10/2021 2:53
703,2/21/2017 11:24
704,2/10/2014 16:41
705,2/25/2021 23:56
706,7/17/2021 8:15
707,9/20/2020 7:06
708,4/3/2019 5:34
709,11/19/2020 7:20
710,11/26/2011 15:57
711,1/28/2015 18:16
712,9/4/2021 0:12
713,8/28/2021 16:30
714,9/17/2020 1:03
715,3/17/2010 21:01
716,11/14/2020 9:17
717,11/1/2011 3:22
718,10/15/2010 6:52
719,12/17/2010 2:19
720,5/5/2017 0:49
721,12/31/2020 7:41
722,1/7/2012 22:59
723,10/10/2010 9:18
724,3/31/2013 22:13
725,12/9/2020 13:19
726,6/17/2011 14:16
727,4/11/2013 7:27
728,4/1/2021 23:36
729,8/13/2015 13:42
730,12/10/2020 2:59
731,1/26/2011 20:26
732,7/8/2021 5:07
733,2/1/2021 8:37
734,9/14/2016 19:32
735,7/7/2021 12:44
736,7/31/2011 23:05
737,5/2/2013 2:30
738,1/31/2018 8:22
739,12/29/2018 16:46
740,7/8/2021 22:43
741,6/9/2021 18:51
742,7/17/2019 10:34
743,6/10/2013 2:55
744,1/17/2017 23:35
745,6/26/2020 17:04
746,11/11/2020 15:25
747,10/27/2014 4:15
748,11/16/2010 20:32
749,12/31/2010 13:06
750,11/27/2012 2:59
751,1/15/2021 16:42
752,3/3/2011 21:17
753,3/4/2011 2:02
754,6/30/2020 15:19
755,11/26/2020 1:50
756,8/24/2010 5:00
757,6/13/2021 22:33
758,7/29/2018 23:05
759,7/27/2020 4:01
760,4/27/2016 13:11
761,9/23/2018 11:20
762,10/22/2020 15:52
763,12/3/2020 11:38
764,3/22/2011 6:00
765,5/6/2015 3:50
766,5/19/2017 22:40
767,9/8/2015 19:02
768,3/20/2017 18:08
769,8/7/2014 16:57
770,4/2/2021 16:19
771,2/5/2021 13:21
772,12/19/2020 1:51
773,9/5/2011 8:06
774,2/25/2021 14:34
775,1/30/2010 0:47
776,7/28/2013 16:07
777,2/25/2011 2:10
778,7/31/2020 19:48
779,4/22/2017 15:49
780,1/1/2019 2:45
781,5/19/2015 4:47
782,8/16/2019 20:05
783,12/10/2020 21:07
784,5/30/2012 19:26
785,8/5/2011 13:39
786,6/19/2013 5:05
787,1/11/2013 15:15
788,7/18/2021 21:21
789,12/29/2016 17:00
790,12/15/2010 19:17
791,5/17/2021 14:57
792,12/21/2019 22:50
793,8/8/2016 21:12
794,6/8/2014 12:23
795,4/5/2014 11:29
796,5/18/2021 14:56
797,12/7/2020 4:22
798,6/8/2012 21:05
799,4/6/2021 0:21
800,6/2/2021 13:07
801,5/26/2021 21:00
802,10/11/2018 4:54
803,12/27/2019 20:24
804,6/30/2021 3:51
805,4/11/2021 16:01
806,9/11/2020 18:03
807,5/3/2014 12:10
808,3/8/2017 17:47
809,5/24/2012 13:19
810,7/1/2014 8:53
811,4/29/2019 1:13
812,2/12/2017 1:20
813,9/15/2013 21:11
814,3/2/2017 11:32
815,10/8/2018 1:43
816,3/9/2013 14:02
817,11/21/2020 3:49
818,7/27/2018 6:46
819,12/25/2018 22:12
820,12/20/2012 23:03
821,8/5/2017 5:38
822,10/17/2020 21:47
823,5/5/2021 5:11
824,6/17/2015 22:38
825,10/17/2013 17:36
826,12/17/2010 10:28
827,4/30/2021 2:43
828,8/17/2016 6:32
829,12/29/2020 2:49
830,6/22/2021 18:14
831,6/15/2010 6:57
832,6/14/2014 17:59
833,10/4/2015 5:37
834,8/24/2021 16:17
835,1/30/2012 17:41
836,10/25/2020 1:00
837,12/27/2014 1:19
838,2/1/2012 16:00
839,3/27/2016 11:33
840,7/1/2018 13:26
841,12/7/2020 9:39
842,3/13/2014 17:17
843,10/22/2013 4:52
844,8/25/2017 2:24
845,5/11/2011 11:56
846,10/6/2014 7:07
847,11/1/2018 23:11
848,7/13/2019 17:35
849,12/2/2020 17:01
850,11/9/2020 7:12
851,7/28/2021 6:47
852,1/8/2021 17:15
853,11/18/2020 13:16
854,8/2/2019 19:14
855,1/17/2019 8:45
856,11/4/2012 17:31
857,7/19/2014 18:11
858,7/19/2012 1:41
859,7/15/2020 3:32
860,8/13/2017 5:59
861,4/7/2021 19:57
862,11/28/2020 20:50
863,11/10/2010 6:32
864,4/3/2021 1:49
865,1/15/2015 19:06
866,3/16/2021 14:54
867,8/6/2020 7:17
868,7/9/2021 1:26
869,9/17/2020 20:34
870,6/5/2017 17:58
871,12/7/2017 6:39
872,2/24/2021 21:31
873,3/22/2014 19:05
874,5/30/2017 3:38
875,7/24/2013 0:33
876,8/16/2021 23:53
877,4/11/2019 20:43
878,9/14/2010 12:54
879,3/7/2019 1:50
880,6/16/2015 13:31
881,8/25/2011 20:48
882,2/2/2021 3:02
883,12/23/2016 15:19
884,7/22/2021 17:00
885,5/26/2013 12:29
886,7/8/2021 1:12
887,9/5/2013 14:23
888,2/4/2013 1:35
889,2/11/2016 9:24
890,11/27/2018 18:54
891,4/14/2015 0:14
892,9/15/2013 3:57
